1000|Abilene Christian University|Abilene|TX|Wildcats
1001|Adelphi University|Garden City|NY|Panthers
1002|Adrian College|Adrian|MI|Bulldogs
1003|United States Air Force Academy|Colorado Springs|CO|Falcons
1004|University of Akron|Akron|OH|Zips
1005|University of Alabama|Tuscaloosa|AL|Crimson Tide
1006|Alabama A&M University|Normal|AL|Bulldogs
1007|Alabama State University|Montgomery|AL|Hornets
1008|University at Albany, State University of New York|Albany|NY|Great Danes
1009|Albany State University|Albany|GA|Golden Rams
1010|Albertson College of Idaho|Caldwell|ID|Coyotes
1011|Albion College|Albion|MI|Britons
1012|Albright College|Reading|PA|Lions
1013|Alcorn State University|Lorman|MS|Braves
1014|Allegheny College|Meadville|PA|Gators
1015|Alma College|Alma|MI|Scots
1016|Alvernia College|Reading|PA|Crusaders
1017|American University|Washington|DC|Eagles
1018|American International College|Springfield|MA|Yellow Jackets
1019|Amherst College|Amherst|MA|Lord Jeffs
1020|Anderson College|Anderson|SC|Trojans
1021|Appalachian State University|Boone|NC|Mountaineers
1022|Aquinas College|Grand Rapids|MI|Saints
1023|University of Arizona|Tucson|AZ|Wildcats
1024|Arizona State University|Tempe|AZ|Sun Devils
1025|University of Arkansas|Fayetteville|AR|Razorbacks
1026|University of Arkansas at Little Rock|Little Rock|AR|Trojans
1027|University of Arkansas at Pine Bluff|Pine Bluff|AR|Golden Lions
1028|Arkansas State University|Jonesboro|AR|Indians
1029|University of Arkansas-Monticello|Monticello|AR|Boll Weevils
1030|Arkansas Tech University|Russellville|AR|Wonder Boys
1031|Armstrong Atlantic State University|Savannah|GA|Pirates
1032|United States Military Academy|West Point|NY|Black Knights
1033|Ashland University|Ashland|OH|Eagles
1034|Athens State University|Athens|AL|Bears
1035|Auburn University|Auburn|AL|Tigers
1036|Auburn University at Montgomery|Montgomery|AL|Senators
1037|Augsburg College|Minneapolis|MN|Auggies
1038|Austin College|Sherman|TX|Kangaroos
1039|Austin Peay State University|Clarksville|TN|Governors
1040|Azusa Pacific University|Azusa|CA|Cougars
1041|Bacone College|Muskogee|OK|Warriors
1042|Baker University|Baldwin City|KS|Wildcats
1043|Baldwin-Wallace College|Berea|OH|Yellow Jackets
1044|Ball State University|Muncie|IN|Cardinals
1045|Barton College|Wilson|NC|Bulldogs
1046|Baruch College, The City University of New York|New York|NY|Bearcats
1047|Bates College|Lewiston|ME|Bobcats
1048|Baylor University|Waco|TX|Bears
1049|Belmont University|Nashville|TN|Bruins
1050|Belmont Abbey College|Belmont|NC|Crusaders
1051|Beloit College|Beloit|WI|Buccaneers
1052|Benedictine College|Atchison|KS|Ravens
1053|Bethany College|Bethany|WV|Bison
1054|Bethune-Cookman College|Daytona Beach|FL|Wildcats
1055|Bethel College|McKenzie|TN|Royals
1056|Biola University|La Mirada|CA|Eagles
1057|Birmingham-Southern College|Birmingham|AL|Panthers
1058|Blackburn College|Carlinville|IL|Battlin' Beavers
1059|Bloomsburg University of Pennsylvania|Bloomsburg|PA|Huskies
1060|Bluefield College|Bluefield|VA|Rams
1061|Boise State University|Boise|ID|Broncos
1062|Boston College|Chestnut Hill|MA|Eagles
1063|Boston University|Boston|MA|Terriers
1064|Bowdoin College|Brunswick|ME|Polar Bears
1065|Bowling Green State University|Bowling Green|OH|Falcons
1066|Bradley University|Peoria|IL|Braves
1067|Brandeis University|Waltham|MA|Judges
1068|Bridgewater College|Bridgewater|VA|Eagles
1069|Brewton-Parker College|Mount Vernon|GA|Barons
1070|University of Bridgeport|Bridgeport|CT|Purple Knights
1071|Bridgewater State College|Bridgewater|MA|Bears
1072|Brooklyn College, The City University of New York|Brooklyn|NY|Bridges
1073|Brown University|Providence|RI|Bears
1074|Bryant College|Smithfield|RI|Bulldogs
1075|Bucknell University|Lewisburg|PA|Bison
1076|Buena Vista University|Storm Lake|IA|Beavers
1077|State University College at Buffalo|Buffalo|NY|Bengals
1078|Butler University|Indianapolis|IN|Bulldogs
1079|Brigham Young University|Provo|UT|Cougars
1080|University of California|Berkeley|CA|Golden Bears
1081|California University of Pennsylvania|California|PA|Vulcans
1082|California State Polytechnic University, San Luis Obispo|San Luis Obispo|CA|Mustangs
1083|California State Polytechnic University-Pomona|Pomona|CA|Broncos
1084|California State University, Fullerton|Fullerton|CA|Titans
1085|California State University, Los Angeles|Los Angeles|CA|Golden Eagles
1086|California State University, Northridge|Northridge|CA|Matadors
1087|California Lutheran University|Thousand Oaks|CA|Kingsmen
1088|Cameron University|Lawton|OK|Aggies
1089|Campbell University|Buies Creek|NC|Camels
1090|Canisius College|Buffalo|NY|Griffs
1091|University of Central Arkansas|Conway|AR|Bears
1092|Carson-Newman College|Jefferson City|TN|Eagles
1093|Carthage College|Kenosha|WI|Redmen
1094|Case Western Reserve University|Cleveland|OH|Spartans
1095|Catawba College|Salisbury|NC|Indians
1096|Catholic University of America|Washington|DC|Cardinals
1097|Central Connecticut State University|New Britain|CT|Blue Devils
1098|Community College of Rhode Island|Warwick|RI|Knights
1099|Centenary College of Louisiana|Shreveport|LA|Gentlemen
1100|University of Central Oklahoma|Edmond|OK|Bronchos
1101|Central State University|Wilberforce|OH|Marauders
1102|Centre College|Danville|KY|Colonels
1103|University of Central Florida|Orlando|FL|Golden Knights
1104|Chapman University|Orange|CA|Panthers
1105|College of Charleston|Charleston|SC|Cougars
1106|University of Charleston|Charleston|WV|Golden Eagles
1107|University of North Carolina at Charlotte|Charlotte|NC|49ers
1108|Charleston Southern University|Charleston|SC|Buccaneers
1109|University of Chicago|Chicago|IL|Maroons
1110|Chicago State University|Chicago|IL|Cougars
1111|California State University, Chico|Chico|CA|Wildcats
1112|University of Cincinnati|Cincinnati|OH|Bearcats
1113|The Citadel|Charleston|SC|Bulldogs
1114|Clarion University of Pennsylvania|Clarion|PA|Golden Eagles
1115|Clarkson University|Potsdam|NY|Knights
1116|Clemson University|Clemson|SC|Tigers
1117|Cleveland State University|Cleveland|OH|Vikings
1118|Claremont McKenna College|Claremont|CA|Stags
1119|Central Michigan University|Mount Pleasant|MI|Chippewas
1120|Central Missouri State University|Warrensburg|MO|Mules
1121|Concordia College|Moorhead|MN|Cobbers
1122|Coastal Carolina University|Conway|SC|Chanticleers
1123|Colby College|Waterville|ME|Mules
1124|Colgate University|Hamilton|NY|Raiders
1125|Colorado College|Colorado Springs|CO|Tigers
1126|University of Colorado|Boulder|CO|Buffaloes
1127|Colorado State University|Fort Collins|CO|Rams
1128|Columbia University|New York|NY|Lions
1129|Concordia College|Bronxville|NY|Clippers
1130|Concordia University|Saint Paul|MN|Golden Bears
1131|Concordia University at Austin|Austin|TX|Tornados
1132|Coppin State College|Baltimore|MD|Eagles
1133|Cornell University|Ithaca|NY|Big Red
1134|Cornell College|Mount Vernon|IA|Rams
1135|Cardinal Stritch University|Milwaukee|WI|Wolves
1136|Creighton University|Omaha|NE|Bluejays
1137|Carnegie Mellon University|Pittsburgh|PA|Tartans
1138|California State University, Dominguez Hills|Carson|CA|Toros
1139|California State University, Hayward|Hayward|CA|Pioneers
1140|California State University, Stanislaus|Turlock|CA|Warriors
1141|Cumberland University|Lebanon|TN|Bulldogs
1142|Central Washington University|Ellensburg|WA|Wildcats
1143|Long Island University, C.W, Post Campus|Brookville|NY|Pioneers
1144|Dallas Baptist University|Dallas|TX|Patriots
1145|Dartmouth College|Hanover|NH|Big Green
1146|Davidson College|Davidson|NC|Wildcats
1147|Davis and Elkins College|Elkins|WV|Senators
1148|University of Dayton|Dayton|OH|Flyers
1149|University of Delaware|Newark|DE|Blue Hens
1150|Delaware State University|Dover|DE|Hornets
1151|Delta State University|Cleveland|MS|Statesmen
1152|Denison University|Granville|OH|Big Red
1153|University of Denver|Denver|CO|Pioneers
1154|DePaul University|Chicago|IL|Blue Demons
1155|DePauw University|Greencastle|IN|Tigers
1156|University of Detroit Mercy|Detroit|MI|Titans
1157|Dickinson College|Carlisle|PA|Red Devils
1158|Dominican College|Orangeburg|NY|Chargers
1159|Drake University|Des Moines|IA|Bulldogs
1160|Drexel University|Philadelphia|PA|Dragons
1161|University of Dubuque|Dubuque|IA|Spartans
1162|Duke University|Durham|NC|Blue Devils
1163|Duquesne University|Pittsburgh|PA|Dukes
1164|East Carolina University|Greenville|NC|Pirates
1165|East Central University|Ada|OK|Tigers
1166|Eckerd College|Saint Petersburg|FL|Tritons
1167|Eastern Connecticut State University|Willimantic|CT|Warriors
1168|Edinboro University of Pennsylvania|Edinboro|PA|Fighting Scots
1169|Eastern Illinois University|Charleston|IL|Panthers
1170|Eastern Kentucky University|Richmond|KY|Colonels
1171|Elizabethtown College|Elizabethtown|PA|Blue Jays
1172|Elon University|Elon|NC|Phoenix
1173|Eastern Michigan University|Ypsilanti|MI|Eagles
1174|Emory University|Atlanta|GA|Eagles
1175|Emory & Henry College|Emory|VA|Wasps
1176|Emporia State University|Emporia|KS|Hornets
1177|Erskine College|Due West|SC|Flying Fleet
1178|East Stroudsburg University of Pennsylvania|East Stroudsburg|PA|Warriors
1179|East Tennessee State University|Johnson City|TN|Buccaneers
1180|East Texas Baptist University|Marshall|TX|Tigers
1181|Eureka College|Eureka|IL|Red Devils
1182|College of Eastern Utah|Price|UT|Golden Eagles
1183|University of Evansville|Evansville|IN|Purple Aces
1184|Eastern Washington University|Cheney|WA|Eagles
1185|Fairfield University|Fairfield|CT|Stags
1186|Fairleigh Dickinson University|Teaneck|NJ|Knights
1187|Fayetteville State University|Fayetteville|NC|Broncos
1188|Ferris State University|Big Rapids|MI|Bulldogs
1189|Ferrum College|Ferrum|VA|Panthers
1190|Flagler College|St. Augustine|FL|Saints
1191|Florida Atlantic University|Boca Raton|FL|Owls
1192|Barry University|Miami Shores|FL|Buccaneers
1193|Florida International University|Miami|FL|Golden Panthers
1194|University of Florida|Gainesville|FL|Gators
1195|Florida Agricultural and Mechanical University|Tallahassee|FL|Rattlers
1196|Florida State University|Tallahassee|FL|Seminoles
1197|Florida Southern College|Lakeland|FL|Moccasins
1198|Florida Institute of Technology|Melbourne|FL|Panthers
1199|Fordham University|Bronx|NY|Rams
1200|Fort Hays State University|Hays|KS|Tigers
1201|Franklin College|Franklin|IN|Grizzlies
1202|Franklin & Marshall College|Lancaster|PA|Diplomats
1203|Freed-Hardeman University|Henderson|TN|Lions
1204|California State University, Fresno|Fresno|CA|Bulldogs
1205|Friends University|Wichita|KS|Falcons
1206|Furman University|Greenville|SC|Paladins
1207|Georgia College and State University|Milledgeville|GA|Bobcats
1208|Gallaudet University|Washington|DC|Bison
1209|Gannon University|Erie|PA|Golden Knights
1210|Gardner-Webb University|Boiling Springs|NC|Bulldogs
1211|Georgia Southwestern State University|Americus|GA|Hurricanes
1212|Georgia Institute of Technology|Atlanta|GA|Yellow Jackets
1213|Geneva College|Beaver Falls|PA|Golden Tornadoes
1214|George Fox University|Newberg|OR|Bruins
1215|George Mason University|Fairfax|VA|Patriots
1216|Georgetown University|Washington|DC|Hoyas
1217|George Washington University|Washington|DC|Colonials
1218|University of Georgia|Athens|GA|Bulldogs
1219|Georgia Southern University|Statesboro|GA|Eagles
1220|Georgia State University|Atlanta|GA|Panthers
1221|Georgetown College|Georgetown|KY|Tigers
1222|Gettysburg College|Gettysburg|PA|Bullets
1223|Glenville State College|Glenville|WV|Pioneers
1224|Gonzaga University|Spokane|WA|Bulldogs
1225|Grambling State University|Grambling|LA|Tigers
1226|Grand View College|Des Moines|IA|Vikings
1227|Grand Canyon University|Phoenix|AZ|Antelopes
1228|Grinnell College|Grinnell|IA|Pioneers
1229|Grossmont College|El Cajon|CA|
1230|Grove City College|Grove City|PA|Wolverines
1231|Grand Valley State University|Allendale|MI|Lakers
1232|Guilford College|Greensboro|NC|Quakers
1233|Hamline University|St. Paul|MN|Pipers
1234|Hampden-Sydney College|Hampden-Sydney|VA|Tigers
1235|Hampton University|Hampton|VA|Pirates
1236|Harding University|Searcy|AR|Bison
1237|Hardin-Simmons University|Abilene|TX|Cowboys
1238|University of Hartford|Hartford|CT|Hawks
1239|Hartwick College|Oneonta|NY|Hawks
1240|Harvard University|Cambridge|MA|Crimson
1241|Haskell Indian Nations University|Lawrence|KS|Indians
1242|University of Hawai'i at Manoa|Honolulu|HI|Rainbows
1243|University of Hawaii at Hilo|Hilo|HI|Vulcans
1244|Hawai'i Pacific University|Honolulu|HI|Sea Warriors
1245|Heidelberg College|Tiffin|OH|Princes
1246|Hendrix College|Conway|AR|Warriors
1247|Henderson State University|Arkadelphia|AR|Reddies
1248|High Point University|High Point|NC|Panthers
1249|Hillsdale College|Hillsdale|MI|Chargers
1250|Hiram College|Hiram|OH|Terriers
1251|Hobart and William Smith Colleges|Geneva|NY|Statesmen
1252|Hofstra University|Hempstead|NY|Pride
1253|College of the Holy Cross|Worcester|MA|Crusaders
1254|Hope College|Holland|MI|Flying Dutchmen
1255|Houston Baptist University|Houston|TX|Huskies
1256|University of Houston|Houston|TX|Cougars
1257|Howard University|Washington|DC|Bison
1258|Howard Payne University|Brownwood|TX|Yellow Jackets
1259|Humboldt State University|Arcata|CA|Lumberjacks
1260|Hunter College, The City University of New York|New York|NY|Hawks
1261|Iowa Wesleyan College|Mount Pleasant|IA|Tigers
1262|University of Idaho|Moscow|ID|Vandals
1263|Idaho State University|Pocatello|ID|Bengals
1264|Illinois College|Jacksonville|IL|Blueboys
1265|University of Illinois at Chicago|Chicago|IL|Flames
1266|University of Illinois at Urbana-Champaign|Champaign|IL|Fighting Illini
1267|Illinois State University|Normal|IL|Redbirds
1268|Illinois Wesleyan University|Bloomington|IL|Titans
1269|Bethel College|Mishawaka|IN|Pilots
1270|Indiana University|Bloomington|IN|Hoosiers
1271|Indiana University of Pennsylvania|Indiana|PA|Indians
1272|Indiana State University|Terre Haute|IN|Sycamores
1273|University of Indianapolis|Indianapolis|IN|Greyhounds
1274|Iona College|New Rochelle|NY|Gaels
1275|University of Iowa|Iowa City|IA|Hawkeyes
1276|Iowa State University|Ames|IA|Cyclones
1277|Ithaca College|Ithaca|NY|Bombers
1278|Indiana University-Purdue University Fort Wayne|Fort Wayne|IN|Mastodons
1279|Indiana University-Purdue University Indianapolis|Indianapolis|IN|Jaguars
1280|Jackson State University|Jackson|MS|Tigers
1281|Jacksonville University|Jacksonville|FL|Dolphins
1282|James Madison University|Harrisonburg|VA|Dukes
1283|Jacksonville State University|Jacksonville|AL|Gamecocks
1284|John Brown University|Siloam Springs|AR|Golden Eagles
1285|Johns Hopkins University|Baltimore|MD|Blue Jays
1286|Juniata College|Huntingdon|PA|Eagles
1287|Kalamazoo College|Kalamazoo|MI|Hornets
1288|University of Kansas|Lawrence|KS|Jayhawks
1289|Kansas State University|Manhattan|KS|Wildcats
1290|Keene State College|Keene|NH|Owls
1291|Kennesaw State University|Kennesaw|GA|Owls
1292|Kent State University|Kent|OH|Golden Flashes
1293|University of Kentucky|Lexington|KY|Wildcats
1294|Kentucky State University|Frankfort|KY|Thorobreds
1295|Kenyon College|Gambier|OH|Lords
1296|Knox College (and Lombard College)|Galesburg|IL|Prairie Fire
1297|Kutztown University of Pennsylvania|Kutztown|PA|Golden Bears
1298|Kentucky Wesleyan College|Owensboro|KY|Panthers
1299|Louisiana College|Pineville|LA|Wildcats
1300|Lafayette College|Easton|PA|Leopards
1301|Lake Forest College|Lake Forest|IL|Foresters
1302|Lamar University|Beaumont|TX|Cardinals
1303|Lambuth University|Jackson|TN|Eagles
1304|Lane College|Jackson|TN|Dragons
1305|LaSalle University|Philadelphia|PA|Explorers
1306|Louisiana Tech University|Ruston|LA|Bulldogs
1307|University of La Verne|La Verne|CA|Leopards
1308|Lebanon Valley College|Annville|PA|Flying Dutchmen
1309|Lee University|Cleveland|TN|Flames
1310|Lehigh University|Bethlehem|PA|Mountain Hawks
1311|LeMoyne College|Syracuse|NY|Dolphins
1312|LeMoyne-Owen College|Memphis|TN|Magicians
1313|Lenoir-Rhyne College|Hickory|NC|Bears
1314|Lewis & Clark College|Portland|OR|Pioneers
1315|Lewis-Clark State College|Lewiston|ID|Warriors
1316|Lewis University|Romeoville|IL|Flyers
1317|Liberty University|Lynchburg|VA|Flames
1318|Lincoln Memorial University|Harrogate|TN|Railsplitters
1319|Lincoln University of Missouri|Jefferson City|MO|Blue Tigers
1320|Linfield College|McMinnville|OR|Wildcats
1321|Lipscomb University|Nashville|TN|Bisons
1322|Lock Haven University of Pennsylvania|Lock Haven|PA|Bald Eagles
1323|California State University, Long Beach|Long Beach|CA|49ers
1324|Long Island University, Brooklyn Campus|Brooklyn|NY|Blackbirds
1325|Longwood University|Farmville|VA|Lancers
1326|Loras College|Dubuque|IA|Duhawks
1327|University of Louisville|Louisville|KY|Cardinals
1328|Loyola University of Chicago|Chicago|IL|Ramblers
1329|Loyola Marymount University|Los Angeles|CA|Lions
1330|Loyola College in Maryland|Baltimore|MD|Greyhounds
1331|Loyola University New Orleans|New Orleans|LA|Wolfpack
1332|Louisiana State University|Baton Rouge|LA|Tigers
1333|Lubbock Christian University|Lubbock|TX|Chaparrals
1334|Luther College|Decorah|IA|Norse
1335|Lycoming College|Williamsport|PA|Warriors
1336|Lynchburg College|Lynchburg|VA|Hornets
1337|MacMurray College|Jacksonville|IL|Highlanders
1338|Massachusetts College of Liberal Arts|North Adams|MA|Trailblazers
1339|University of Maine|Orono|ME|Black Bears
1340|Manchester College|North Manchester|IN|Spartans
1341|Manhattan College|Riverdale|NY|Jaspers
1342|Minnesota State University, Mankato|Mankato|MN|Mavericks
1343|Mansfield University of Pennsylvania|Mansfield|PA|Mountaineers
1344|Marietta College|Marietta|OH|Pioneers
1345|Marist College|Poughkeepsie|NY|Red Foxes
1346|Marquette University|Milwaukee|WI|Golden Eagles
1347|Marshall University|Huntington|WV|Thundering Herd
1348|University of Mary Hardin-Baylor|Belton|TX|Crusaders
1349|University of Maryland|College Park|MD|Terrapins
1350|University of Massachusetts Lowell|Lowell|MA|River Hawks
1351|The Master's College|Santa Clarita|CA|Mustangs
1352|McDaniel College|Westminster|MD|Green Terror
1353|McNeese State University|Lake Charles|LA|Cowboys
1354|University of Memphis|Memphis|TN|Tigers
1355|Mercer University|Macon|GA|Bears
1356|Mercyhurst College|Erie|PA|Lakers
1357|Mesa State College|Grand Junction|CO|Mavericks
1358|Messiah College|Grantham|PA|Falcons
1359|University of Miami|Coral Gables|FL|Hurricanes
1360|Miami University|Oxford|OH|Red Hawks
1361|University of Michigan|Ann Arbor|MI|Wolverines
1362|Michigan State University|East Lansing|MI|Spartans
1363|Middlebury College|Middlebury|VT|Panthers
1364|Midland Lutheran College|Fremont|NE|Warriors
1365|Millersville University of Pennsylvania|Millersville|PA|Marauders
1366|Milligan College|Milligan College|TN|Buffaloes
1367|Millikin University|Decatur|IL|Big Blue
1368|Millsaps College|Jackson|MS|Majors
1369|University of Minnesota|Minneapolis|MN|Golden Gophers
1370|University of Missouri|Columbia|MO|Tigers
1371|Mississippi State University|Starkville|MS|Bulldogs
1372|Mississippi Valley State University|Itta Bena|MS|Delta Devils
1373|Massachusetts Institute of Technology|Cambridge|MA|Engineers
1374|University of Minnesota, Morris|Morris|MN|Cougars
1375|Montclair State University|Upper Montclair|NJ|Red Hawks
1376|University of Mobile|Mobile|AL|Rams
1377|Monmouth University|West Long Branch|NJ|Hawks
1378|Monroe Community College|Brighton|NY|Tribunes
1379|University of Montana-Missoula|Missoula|MT|Grizzlies
1380|Montana State University|Bozeman|MT|Bobcats
1381|University of Montevallo|Montevallo|AL|Falcons
1382|Montreat College|Montreat|NC|Cavaliers
1383|Morehead State University|Morehead|KY|Eagles
1384|Morehouse College|Atlanta|GA|Maroon Tigers
1385|Morgan State University|Baltimore|MD|Bears
1386|Morris Brown College|Atlanta|GA|Wolverines
1387|Missouri Southern State University-Joplin|Joplin|MO|Lions
1388|Missouri Valley College|Marshall|MO|Vikings
1389|Missouri Western State College|Saint Joseph|MO|Griffons
1390|Morningside College|Sioux City|IA|Mustangs
1391|Maryville College|Maryville|TN|Fighting Scots
1392|Mississippi College|Clinton|MS|Choctaws
1393|Middle Tennessee State University|Murfreesboro|TN|Blue Raiders
1394|Mount Olive College|Mount Olive|NC|Trojans
1395|Mount St. Mary's College and Seminary|Emmitsburg|MD|Mountaineers
1396|Mount Union College|Alliance|OH|Raiders
1397|Mount Vernon Nazarene University|Mount Vernon|OH|Cougars
1398|Muhlenberg College|Allentown|PA|Mules
1399|Murray State University|Murray|KY|Thoroughbreds
1400|Muskingum College|New Concord|OH|Fighting Muskies
1401|University of North Alabama|Florence|AL|Lions
1402|Northern Arizona University|Flagstaff|AZ|Lumberjacks
1403|United States Naval Academy|Annapolis|MD|Midshipmen
1404|North Carolina Agricultural and Technical State University|Greensboro|NC|Aggies
1405|North Central College|Naperville|IL|Cardinals
1406|University of Northern Colorado|Greeley|CO|Bears
1407|North Carolina State University|Raleigh|NC|Wolfpack
1408|Northeastern University|Boston|MA|Huskies
1409|Bellevue University|Bellevue|NE|Bruins
1410|University of Nebraska at Kearney|Kearney|NE|Lopers
1411|University of Nebraska at Omaha|Omaha|NE|Mavericks
1412|University of Nebraska|Lincoln|NE|Huskers
1413|Northeastern Illinois University|Chicago|IL|
1414|University of Nevada, Reno|Reno|NV|Wolfpack
1415|Newberry College|Newberry|SC|Indians
1416|Nebraska Wesleyan University|Lincoln|NE|Prairie Wolves
1417|University of New Hampshire|Durham|NH|Wildcats
1418|University of New Haven|New Haven|CT|Chargers
1419|New York University|New York|NY|Violets
1420|University of North Florida|Jacksonville|FL|Ospreys
1421|Niagara University|Lewiston|NY|Purple Eagles
1422|Nicholls State University|Thibodeaux|LA|Colonels
1423|Northern Illinois University|DeKalb|IL|Huskies
1424|University of Northern Iowa|Cedar Falls|IA|Panthers
1425|New Jersey City University|Jersey City|NJ|Gothic Knights
1426|Northern Kentucky University|Highland Heights|KY|Norse
1427|University of New Mexico|Albuquerque|NM|Lobos
1428|New Mexico Highlands University|Las Vegas|NM|Cowboys
1429|New Mexico State University|Las Cruces|NM|Aggies
1430|Norfolk State University|Norfolk|VA|Spartans
1431|University of New Orleans|New Orleans|LA|Privateers
1432|Northwood University|Midland|MI|Timberwolves
1433|Norwich University|Northfield|VT|Cadets
1434|University of Notre Dame|South Bend|IN|Fighting Irish
1435|University of North Texas|Denton|TX|Mean Green
1436|Northwestern University|Evanston|IL|Wildcats
1437|Northwest Missouri State University|Maryville|MO|Bearcats
1438|Northwestern Oklahoma State University|Alva|OK|Rangers
1439|Northwestern State University of Louisiana|Natchitoches|LA|Demons
1440|State University of New York College at Cortland|Cortland|NY|Red Dragons
1441|State University of New York College at Fredonia|Fredonia|NY|Blue Devils
1442|State University College at Oneonta|Oneonta|NY|Red Dragons
1443|New York Institute of Technology|Old Westbury|NY|Bears
1444|Oakland University|Rochester|MI|Grizzlies
1445|Oberlin College|Oberlin|OH|Yeoman
1446|Occidental College|Los Angeles|CA|Tigers
1447|Oglethorpe University|Atlanta|GA|Stormy Petrels
1448|Ohio Dominican University|Columbus|OH|Panthers
1449|Ohio University|Athens|OH|Bobcats
1450|Ohio State University|Columbus|OH|Buckeyes
1451|Ohio Valley University|Vienna|WV|Fighting Scots
1452|Ohio Wesleyan University|Delaware|OH|Battling Bishops
1453|Oklahoma City University|Oklahoma City|OK|Stars
1454|University of Oklahoma|Norman|OK|Sooners
1455|Oklahoma State University|Stillwater|OK|Cowboys
1456|Old Dominion University|Norfolk|VA|Monarchs
1457|University of Mississippi|Oxford|MS|Rebels
1458|Olivet College|Olivet|MI|Comets
1459|Olivet Nazarene University|Bourbonnais|IL|Tigers
1460|Oral Roberts University|Tulsa|OK|Golden Eagles
1461|University of Oregon|Eugene|OR|Ducks
1462|Oregon State University|Corvallis|OR|Beavers
1463|Otterbein College|Westerville|OH|Cardinals
1464|Ouachita Baptist University|Arkadelphia|AR|Tigers
1465|University of the Ozarks|Clarksville|AR|Eagles
1466|Pace University|New York|NY|Setters
1467|University of the Pacific|Stockton|CA|Tigers
1468|Pacific University|Forest Grove|OR|Boxers
1469|Palm Beach State College|Lake Worth|FL|Panthers
1470|Pennsylvania State University|State College|PA|Nittany Lions
1471|Pepperdine University|Malibu|CA|Waves
1472|Pfeiffer University|Misenheimer|NC|Falcons
1473|Philadelphia University|Philadelphia|PA|Rams
1474|Philander Smith College|Little Rock|AR|Panthers
1475|Piedmont College|Demorest|GA|Lions
1476|Pittsburg State University|Pittsburg|KS|Gorillas
1477|University of Pittsburgh|Pittsburgh|PA|Panthers
1478|Plymouth State University|Plymouth|NH|Panthers
1479|Pomona College|Claremont|CA|Sagehens
1480|University of Portland|Portland|OR|Pilots
1481|Portland State University|Portland|OR|Vikings
1482|Prairie View A&M University|Prairie View|TX|Panthers
1483|Presbyterian College|Clinton|SC|Blue Hose
1484|Princeton University|Princeton|NJ|Tigers
1485|Providence College|Providence|RI|Friars
1486|Pennsylvania State University Erie, the Behrend College|Erie|PA|Lions
1487|Point Loma Nazarene University|San Diego|CA|Sea Lions
1488|Point Park University|Pittsburgh|PA|Pioneers
1489|University of Puget Sound|Tacoma|WA|Loggers
1490|Purdue University|West Lafayette|IN|Boilermakers
1491|Quincy University|Quincy|IL|Hawks
1492|Quinnipiac University|Hamden|CT|Bobcats
1493|Radford University|Radford|VA|Highlanders
1494|Ramapo College of New Jersey|Mahwah|NJ|Roadrunners
1495|Randolph-Macon College|Ashland|VA|Yellow Jackets
1496|University of Rhode Island|Kingston|RI|Rams
1497|Rhodes College|Memphis|TN|Lynx
1498|Rhode Island College|Providence|RI|Anchormen
1499|Rice University|Houston|TX|Owls
1500|University of Richmond|Richmond|VA|Spiders
1501|Rider University|Lawrenceville|NJ|Broncs
1502|University of Rio Grande|Rio Grande|OH|Redmen
1503|Ripon College|Ripon|WI|Red Hawks
1504|Roanoke College|Salem|VA|Maroons
1505|Robert Morris University|Moon Township|PA|Colonials
1506|Rockhurst University|Kansas City|MO|Hawks
1507|Rollins College|Winter Park|FL|Tars
1508|Rose-Hulman Institute of Technology|Terre Haute|IN|Engineers
1509|Rowan University|Glassboro|NJ|Profs
1510|Rutgers University|New Brunswick|NJ|Scarlet Knights
1511|Sacred Heart University|Fairfield|CT|Pioneers
1512|California State University, Sacramento|Sacramento|CA|Hornets
1513|Saginaw Valley State University|University Center|MI|Cardinals
1514|University of South Alabama|Mobile|AL|Jaguars
1515|Salem International University|Salem|WV|Tigers
1516|Samford University|Birmingham|AL|Bulldogs
1517|Sam Houston State University|Huntsville|TX|Bearkats
1518|University of San Diego|San Diego|CA|Toreros
1519|San Diego State University|San Diego|CA|Aztecs
1520|University of San Francisco|San Francisco|CA|Dons
1521|San Francisco State University|San Francisco|CA|Gators
1522|San Jose State University|San Jose|CA|Spartans
1523|Santa Clara University|Santa Clara|CA|Broncos
1524|Southern Arkansas University|Magnolia|AR|Muleriders
1525|Savannah College of Art and Design|Savannah|GA|Bees
1526|Savannah State University|Savannah|GA|Tigers
1527|University of South Carolina|Columbia|SC|Gamecocks
1528|Schreiner University|Kerrville|TX|Mountaineers
1529|University of Scranton|Scranton|PA|Royals
1530|South Carolina State University|Orangeburg|SC|Bulldogs
1531|South Dakota State University|Brookings|SD|Jackrabbits
1532|San Diego City College|San Diego|CA|Knights
1533|Seattle University|Seattle|WA|Redhawks
1534|Southeastern Louisiana University|Hammond|LA|Lions
1535|Southeast Missouri State University|Cape Girardeau|MO|Red Hawks
1536|Southeastern Oklahoma State University|Durant|OK|Savages
1537|Seton Hall University|South Orange|NJ|Pirates
1538|Stephen F. Austin State University|Nacogdoches|TX|Lumberjacks
1539|South Florida Community College|Avon Park|FL|Panthers
1540|University of South Florida|Tampa|FL|Bulls
1541|South Florida CC|Avon Park|FL|
1542|Shaw University|Raleigh|NC|Bears
1543|Shenandoah University|Winchester|VA|Hornets
1544|Shepherd College|Shepherdstown|WV|Rams
1545|Shippensburg University of Pennsylvania|Shippensburg|PA|Red Raiders
1546|Shorter College|Rome|GA|Hawks
1547|Siena College|Loudonville|NY|Saints
1548|Southern Illinois University Edwardsville|Edwardsville|IL|Cougars
1549|Southern Illinois University|Carbondale|IL|Salukis
1550|University of Southern Indiana|Evansville|IN|Screaming Eagles
1551|Slippery Rock University of Pennsylvania|Slippery Rock|PA|The Rock
1552|University of Southern Maine|Gorham|ME|Huskies
1553|Southern Methodist University|Dallas|TX|Mustangs
1554|University of Southern Mississippi|Hattiesburg|MS|Golden Eagles
1555|Sonoma State University|Rohnert Park|CA|Seawolves
1556|Southern University and A&M College|Baton Rouge|LA|Jaguars
1557|Spring Hill College|Mobile|AL|Badgers
1558|Springfield College|Springfield|MA|Pride
1559|St. Ambrose University|Davenport|IA|Fighting Bees
1560|Stanford University|Palo Alto|CA|Cardinal
1561|Saint Anselm College|Manchester|NH|Hawks
1562|Saint Augustine's College|Raleigh|NC|Falcons
1563|St. Bonaventure University|St. Bonaventure|NY|Bonnies
1564|St. Cloud State University|Saint Cloud|MN|Huskies
1565|St. Edward's University|Austin|TX|Hilltoppers
1566|Sterling University|Sterling|KS|Warriors
1567|Stetson University|DeLand|FL|Hatters
1568|St. Francis College|Brooklyn Heights|NY|Terriers
1569|Saint Francis University|Loretto|PA|Red Flash
1570|University of St. Francis|Joliet|IL|Fighting Saints
1571|St. John's University|Jamaica|NY|Red Storm
1572|Saint Joseph's College|Renssalaer|IN|Pumas
1573|Saint Joseph's University|Philadelphia|PA|Hawks
1574|St. Lawrence University|Canton|NY|Saints
1575|Saint Leo University|Saint Leo|FL|Lions
1576|Saint Louis University|Saint Louis|MO|Billikens
1577|Saint Martin's College|Lacey|WA|Saints
1578|Saint Mary's College of California|Moraga|CA|Gaels
1579|Saint Mary's University of Minnesota|Winona|MN|Cardinals
1580|St. Mary's University|San Antonio|TX|Rattlers
1581|Saint Michael's College|Colchester|VT|Purple Knights
1582|Stony Brook University|Stony Brook|NY|Seawolves
1583|Saint Peter's College|Jersey City|NJ|Peacocks
1584|College of Saint Rose|Albany|NY|Golden Knights
1585|St. Thomas University|Miami|FL|Bobcats
1586|University of St. Thomas|St. Paul|MN|Tommies
1587|Saint Xavier University|Chicago|IL|Cougars
1588|Sul Ross State University|Alpine|TX|Lobos
1589|State University of New York at Binghamton|Binghamton|NY|Bearcats
1590|State University of New York at Buffalo|Buffalo|NY|Bulls
1591|Susquehanna University|Selinsgrove|PA|Crusaders
1592|Southern Utah University|Cedar City|UT|Thunderbirds
1593|Swarthmore College|Swarthmore|PA|Garnet Tide
1594|Southwestern College|Winfield|KS|Moundbuilders
1595|Southwestern University|Georgetown|TX|Pirates
1596|Missouri State University|Springfield|MO|Bears
1597|Southwestern Oklahoma State University|Weatherford|OK|Bulldogs
1598|Southwest Texas State University|San Marcos|TX|Bobcats
1599|Syracuse University|Syracuse|NY|Orangemen
1600|University of Tampa|Tampa|FL|Spartans
1601|Texas A&M University-Corpus Christi|Corpus Christi|TX|Islanders
1602|Texas A&M University-Commerce|Commerce|TX|Lions
1603|Texas A&M University-Kingsville|Kingsville|TX|Javelinas
1604|Tarleton State University|Stephenville|TX|Texans
1605|Temple University|Philadelphia|PA|Owls
1606|University of Tennessee|Knoxville|TN|Volunteers
1607|Tennessee State University|Nashville|TN|Tigers
1608|University of Texas at Austin|Austin|TX|Longhorns
1609|Texas A&M University|College Station|TX|Aggies
1610|Thiel College|Greenville|PA|Tomcats
1611|Thomas More College|Crestview Hills|KY|Saints
1612|University of Tennessee at Martin|Martin|TN|Skyhawks
1613|Tennessee Technological University|Cookeville|TN|Golden Eagles
1614|Tennessee Wesleyan College|Athens|TN|Bulldogs
1615|University of Toledo|Toledo|OH|Rockets
1616|Towson University|Towson|MD|Tigers
1617|Trinity College|Hartford|CT|Bantams
1618|Trinity University|San Antonio|TX|Tigers
1619|Transylvania University|Lexington|KY|Pioneers
1620|Troy State University|Troy|AL|Trojans
1621|Truman State University|Kirksville|MO|Bulldogs
1622|Tufts University|Medford|MA|Jumbos
1623|Tulane University|New Orleans|LA|Green Wave
1624|University of Tulsa|Tulsa|OK|Golden Hurricane
1625|Tusculum College|Greeneville|TN|Pioneers
1626|Tuskegee University|Tuskegee|AL|Golden Tigers
1627|Texas Christian University|Fort Worth|TX|Horned Frogs
1628|Texas Southern University|Houston|TX|Tigers
1629|Texas Tech University|Lubbock|TX|Red Raiders
1630|Texas Wesleyan University|Fort Worth|TX|Rams
1631|University of Alabama at Birmingham|Birmingham|AL|Blazers
1632|University of California, Davis|Davis|CA|Aggies
1633|University of California, Irvine|Irvine|CA|Anteaters
1634|University of California, Los Angeles|Los Angeles|CA|Bruins
1635|University of Connecticut|Storrs|CT|Huskies
1636|University of California, Riverside|Riverside|CA|Highlanders
1637|University of California, Santa Barbara|Santa Barbara|CA|Gauchos
1638|University of California, San Diego|La Jolla|CA|Tritons
1639|University of Louisiana at Lafayette|Lafayette|LA|Ragin' Cajuns
1640|University of Louisiana at Monroe|Monroe|LA|Indians
1641|University of Massachusetts Amherst|Amherst|MA|Minutemen
1642|University of Massachusetts Dartmouth|North Dartmouth|MA|Corsairs
1643|University of Maryland, Baltimore County|Catonsville|MD|Retrievers
1644|University of Maryland Eastern Shore|Princess Anne|MD|Fighting Hawks
1645|University of Missouri-Kansas City|Kansas City|MO|Kangaroos
1646|University of North Carolina|Chapel Hill|NC|Tarheels
1647|University of North Carolina at Asheville|Asheville|NC|Bulldogs
1648|University of North Carolina at Greensboro|Greensboro|NC|Spartans
1649|University of North Carolina at Wilmington|Wilmington|NC|Seahawks
1650|Union College|Schenectady|NY|Dutchmen
1651|Union University|Jackson|TN|Bulldogs
1652|University of Nevada, Las Vegas|Las Vegas|NV|Rebels
1653|University of the South|Sewanee|TN|Tigers
1654|University of Pennsylvania|Philadelphia|PA|Quakers
1655|Upper Iowa University|Fayette|IA|Peacocks
1656|Ursinus College|Collegeville|PA|Bears
1657|University of Southern California|Los Angeles|CA|Trojans
1658|University of South Carolina Aiken|Aiken|SC|Pacers
1659|University of Utah|Salt Lake City|UT|Utes
1660|Utah State University|Logan|UT|Aggies
1661|Utah Valley University|Orem|UT|Wolverines
1662|University of Texas at Arlington|Arlington|TX|Mavericks
1663|University of Tennessee at Chattanooga|Chattanooga|TN|Mocs
1664|University of Texas at El Paso|El Paso|TX|Miners
1665|University of Texas-Pan American|Edinburg|TX|Broncs
1666|University of Texas at San Antonio|San Antonio|TX|Roadrunners
1667|Valdosta State University|Valdosta|GA|Blazers
1668|Valparaiso University|Valparaiso|IN|Crusaders
1669|Vanderbilt University|Nashville|TN|Commodores
1670|Vanguard University of Southern California|Costa Mesa|CA|Lions
1671|Virginia Polytechnic Institute & State University|Blacksburg|VA|Hokies
1672|Virginia Commonwealth University|Richmond|VA|Rams
1673|University of Vermont|South Burlington|VT|Catamounts
1674|Villanova University|Villanova|PA|Wildcats
1675|University of Virginia|Charlottesville|VA|Cavaliers
1676|Virginia State University|Petersburg|VA|Trojans
1677|Viterbo University|LaCrosse|WI|Hawks
1678|Virginia Military Institute|Lexington|VA|Keydets
1679|Wabash College|Crawfordsville|IN|Little Giants
1680|Wagner College|Staten Island|NY|Seahawks
1681|Wake Forest University|Winston-Salem|NC|Demon Deacons
1682|University of West Alabama|Livingston|AL|Tigers
1683|Warner Pacific College|Portland|OR|Knights
1684|Washburn University of Topeka|Topeka|KS|Ichabods
1685|Washington College|Chestertown|MD|Shoremen
1686|Washington College (TN)|Jonesborough|TN|
1687|University of Washington|Seattle|WA|Huskies
1688|Washington & Jefferson College|Washington|PA|Presidents
1689|Washington and Lee University|Lexington|VA|Generals
1690|Washington State University|Pullman|WA|Cougars
1691|Waynesburg College|Waynesburg|PA|Yellow Jackets
1692|Wayne State University|Detroit|MI|Warriors
1693|Wayne State College|Wayne|NE|Wildcats
1694|Western Carolina University|Cullowhee|NC|Catamounts
1695|West Chester University of Pennsylvania|West Chester|PA|Golden Rams
1696|Western Connecticut State University|Danbury|CT|Colonials
1697|Weber State University|Ogden|UT|Wildcats
1698|Wesleyan University|Middletown|CT|Cardinals
1699|Westmont College|Santa Barbara|CA|Warriors
1700|University of West Florida|Pensacola|FL|Argonauts
1701|State University of West Georgia|Carrollton|GA|Braves
1702|Wheaton College|Wheaton|IL|Thunder
1703|Wheaton College (Mass.)|Wheaton|MA|Lyons
1704|Whitman College|Walla Walla|WA|Missionaries
1705|Whittier College|Whittier|CA|Poets
1706|Whitworth College|Spokane|WA|Pirates
1707|Wichita State University|Wichita|KS|Shockers
1708|Widener University|Chester|PA|Pioneers
1709|University of Wisconsin-La Crosse|La Crosse|WI|Eagles
1710|Wilberforce University|Wilberforce|OH|Bulldogs
1711|Wiley College|Marshall|TX|
1712|Wilkes University|Wilkes-Barre|PA|Colonels
1713|Willamette University|Salem|OR|Bearcats
1714|Williams College|Williamston|MA|Ephs
1715|Western Illinois University|Macomb|IL|Leathernecks
1716|College of William and Mary|Williamsburg|VA|Tribe
1717|Wingate University|Wingate|NC|Bulldogs
1718|Winston-Salem State University|Winston-Salem|NC|Rams
1719|Winthrop University|Rock Hill|SC|Eagles
1720|University of Wisconsin-Oshkosh|Oshkosh|WI|Titans
1721|University of Wisconsin-Green Bay|Green Bay|WI|Phoenix
1722|University of Wisconsin-Milwaukee|Milwaukee|WI|Panthers
1723|University of Wisconsin-Madison|Madison|WI|Badgers
1724|University of Wisconsin-Stevens Point|Stevens Point|WI|Pointers
1725|University of Wisconsin-Superior|Superior|WI|Yellowjackets
1726|Wittenberg University|Springfield|OH|Tigers
1727|University of Wisconsin-Whitewater|Whitewater|WI|Warhawks
1728|Western Kentucky University|Bowling Green|KY|Hilltoppers
1729|West Liberty State College|West Liberty|WV|Hilltoppers
1730|William Carey College|Hattiesburg|MS|Crusaders
1731|William Jewell College|Liberty|MO|Cardinals
1732|William Penn University|Oskaloosa|IA|Statesmen
1733|Western Michigan University|Kalamazoo|MI|Broncos
1734|Westminster College|Fulton|MO|Blue Jays
1735|Westminster College|New Wilmington|PA|Titans
1736|Wofford College|Spartanburg|SC|Terriers
1737|College of Wooster|Wooster|OH|Fighting Scots
1738|William Paterson University|Wayne|NJ|Pioneers
1739|Wright State University|Dayton|OH|Raiders
1740|Washington University in Saint Louis|Saint Louis|MO|Bears
1741|West Virginia University|Morgantown|WV|Mountaineers
1742|West Virginia State College|Institute|WV|Yellow Jackets
1743|West Virginia Wesleyan College|Buckhannon|WV|Bobcats
1744|Western Washington University|Bellingham|WA|Vikings
1745|University of Wyoming|Laramie|WY|Cowboys
1746|Xavier University|Cincinnati|OH|Musketeers
1747|Yale University|New Haven|CT|Bulldogs
1748|Youngstown State University|Youngstown|OH|Penguins
